"DESCRIPTION","DURATION IN MS","NAME","PARENT SUITE","START TIME","STATUS","STOP TIME","SUB SUITE","SUITE","TEST CLASS","TEST METHOD"
"","0","test_password_security[SuperSecret1!]","lesson 5.tests","2026-09-02","passed","2026-09-02","","test_login","",""
"","0","test_saucedemo_assertions","lesson 9.tests","2026-09-02","broken","2026-09-02","","test_assertions","",""
"","1","test_api_status_failure","lesson 5.tests","2026-09-02","failed","2026-09-02","","test_basics","",""
"","0","test_live_support_bot","lesson 13.tests","2026-09-02","broken","2026-09-02","","test_live_bot","",""
"","0","test_api_status_success","lesson 5.tests","2026-09-02","passed","2026-09-02","","test_basics","",""
"","0","test_ultimate_hybrid_challenge","lesson 9.tests","2026-09-02","broken","2026-09-02","","test_challenge_hybrid(challenge2)","",""
"","0","test_admin_has_access","lesson 5.tests","2026-09-02","passed","2026-09-02","","test_users","",""
"","3067","test_trace_viewer","lesson 9.tests","2026-09-02","failed","2026-09-02","","test_tracing","",""
"","0","test_saucedemo_challenge_assertions","lesson 9.tests","2026-09-02","broken","2026-09-02","","test_challenge_assertions(challenge2)","",""
"","0","test_checkout_discounts[VIP-100-80]","lesson 5.tests","2026-09-02","passed","2026-09-02","","test_checkout","",""
"","1","test_support_faithfulness","lesson 13.tests","2026-09-02","broken","2026-09-02","","test_support_faithfulness","",""
"","1","test_checkout_discounts[Regular-100-100]","lesson 5.tests","2026-09-02","passed","2026-09-02","","test_checkout","",""
"","0","test_screenshots","lesson 9.tests","2026-09-02","broken","2026-09-02","","test_screenshots","",""
"","1","test_password_security[123]","lesson 5.tests","2026-09-02","failed","2026-09-02","","test_login","",""
"","0","test_inspector_pause","lesson 9.tests","2026-09-02","broken","2026-09-02","","test_inspector_pause","",""
"","0","test_api_ui_hybrid","lesson 9.tests","2026-09-02","broken","2026-09-02","","test_hybrid","",""
"","1","test_customer_support_relevance","lesson 13.tests","2026-09-02","broken","2026-09-02","","test_llm_quality","",""
"","0","test_password_security[admin]","lesson 5.tests","2026-09-02","failed","2026-09-02","","test_login","",""
"","0","test_checkout_discounts[VIP-50-40]","lesson 5.tests","2026-09-02","passed","2026-09-02","","test_checkout","",""
